id,name,origin,status,notes,last_sighted,fell
1,the Witch-king,Angmar (Númenórean lord),DECOMMISSIONED 3019-03-15,"no living man may hinder me; incorrect","Pelennor Fields, TA 3019-03-15","Éowyn of Rohan + Meriadoc Brandybuck; 'I am no man.'"
2,Khamûl,the East,down with the tower,"second-in-command; most aware in daylight","over Mordor, TA 3019-03-25","void, with the tower"
3,unknown,Númenórean (man),down with the tower,"three of the Nine were lords of Númenor","Mordor, TA 3019-03-25","void, with the tower"
4,unknown,Númenórean (man),down with the tower,"see mordor/barad-dur/nine-kings.md","Mordor, TA 3019-03-25","void, with the tower"
5,unknown,Númenórean (man),down with the tower,"lost his name to history; the rings took it","Mordor, TA 3019-03-25","void, with the tower"
6,unknown,unknown,down with the tower,"shadow-seer; blind by day","Mordor, TA 3019-03-25","void, with the tower"
7,unknown,unknown,down with the tower,"fears fire and running water","Mordor, TA 3019-03-25","void, with the tower"
8,unknown,unknown,down with the tower,"fears the name of Elbereth","Mordor, TA 3019-03-25","void, with the tower"
9,unknown,unknown,down with the tower,"last to fall; the roster held 9 until the end","Mordor, TA 3019-03-25","void, with the tower"
