owner,acquired,how,held_for,disposition,note,see_also
Sauron,SA 1600,forged in Mount Doom,~1800 years,"lost to Isildur (finger included)","poured a great part of his own strength into it; its unmaking unmade him",the-ring/forging.md
Isildur,SA 3441,cut from Sauron's hand,2 years,"lost in the Gladden Fields; died with it on","took it as weregild against Elrond and Cirdan's counsel; 'no, I'll keep it'",the-ring/last-alliance.md
the River Anduin,TA 2,sank with Isildur,2461 years,"no owner; deepest quiet","longest quiet in the record; the Ring learned it can leave a bearer anytime",the-ring/gladden-fields.md
Deagol,TA 2463,fished from the river,1 hour,"strangled by Smeagol (his cousin)","first recorded murder for the Ring; 'give it to us' not accepted as an offer",the-ring/gladden-fields.md
Gollum,TA 2463,took from Deagol,478 years,"lost to Bilbo in the Misty Mountains","'my preciousss' - Gollum, the Misty Mountains; already owned by the artifact",gollum/
Bilbo,TA 2941,won a riddle-game,60 years,"bequeathed to Frodo (with difficulty)","'what have I got in my pocket?' - Bilbo, Riddles in the Dark; partial ownership",the-shire/bag-end/
Frodo,TA 3018,inherited,~6 months,"carried it to Mount Doom","only volunteer; qualified precisely because he did not want it",the-ring/provenance.md
Sam,TA 3019-03-14,taken while Frodo was taken,~1 day,"returned it to Frodo; refused the Ring's offer","'I can't carry it for you, but I can carry you' - Sam, Mount Doom (3019-03-25)",mordor/cirith-ungol/
Gollum,TA 3019-03-25,seized at the Cracks of Doom,seconds,"fell with it into the fire","the Ring's last bearer and its last victim; returned to sender",mordor/mount-doom/ring-destruction.md
the Fire,TA 3019-03-25,received,forever,"unmade the ring; ended the Age","only owner that kept it; the forge that made it unmade it",mordor/mount-doom/ring-destruction.md
