date,bearer,place,felt_weight,chain,bearer_note
TA 2941,Bilbo,the Misty Mountains,"a ring; nothing",none,"slipped onto his finger by itself, in the dark"
TA 3001,Bilbo,Bag End,"heavy on the mantelpiece",none,"'why shouldn't I keep it?' (would not leave it; did, just)"
TA 3018-04-13,Frodo,Bag End,"heavier than expected",none,"after the fire: heavy, and cool"
TA 3018-09-23,Frodo,leaving the Shire,"like a pebble",on a chain,"kept in his pocket, fingered often"
TA 3018-10-06,Frodo,Weathertop,"pulling at the hand",on a chain,"put it on under compulsion; stabbed"
TA 3019-01-15,Frodo,Moria,"a small but growing weight",on a chain,"the mithril coat felt light by comparison"
TA 3019-02-26,Frodo,Amon Hen,"burning",on a chain,"put it on to escape Boromir; saw the Eye"
TA 3019-03-02,Frodo,the Dead Marshes,"dragging him down",on a chain,"leaning forward as he walked"
TA 3019-03-10,Frodo,Morgul Vale,"forcing his hand up",on a chain,"the Witch-king rode past; the hand went to the chain on its own"
TA 3019-03-14,Sam,Cirith Ungol,"a great weight",on a chain,"offered him a garden the size of a realm; refused"
TA 3019-03-22,Frodo,Gorgoroth,"a wheel of fire",on a chain,"could not see anything else"
TA 3019-03-24,Frodo,the Mountain,"unbearable",on a chain,"carried, with the bearer, by Sam"
TA 3019-03-25,Gollum,the Sammath Naur,"nothing, finally",n/a,"fell into the fire with it"
