tag,name_in_harad,height_ells,towers_carried,handlers,deployed_to,outcome,notes
MUM-001,(unrecorded),9,1,4,Ithilien column,ran into the south,"seen by S. Gamgee; grey, as the rhyme had it"
MUM-002,(unrecorded),8,1,4,Pelennor,killed,brought down by archers of Rohan aiming at the eyes
MUM-003,(unrecorded),8,1,4,Pelennor,killed,
MUM-004,(unrecorded),9,1,5,Pelennor,killed,horses of Rohan refused to approach
MUM-005,(unrecorded),8,1,4,Pelennor,killed,"tower fell, crew fled"
MUM-006,(unrecorded),9,1,4,Pelennor,drowned,ran into the Anduin at the Harlond
MUM-007,(unrecorded),10,2,6,Pelennor,killed,largest recorded; riders went round
MUM-008,(unrecorded),8,1,4,Pelennor,captured,"its handler would not leave it; sent home, Fourth Age"
MUM-009,(unrecorded),8,1,4,Morannon,fled,did not like the Black Gate either
