item,count,valued_by,notes
gold coins,uncounted,Smaug,"slept on it for 171 years"
Arkenstone,1,Thorin,"missing; last seen with a hobbit"
mithril shirt,1,Thorin,"given to Bilbo"
cup (two-handled),0,Smaug,"stolen by a burglar; dragon noticed"
silver spoons,0,,"wrong audit"
the King's cup,1,Bilbo,"given to Thranduil; kept the peace"
Bilbo's share,2 small chests,Bilbo,"the only sane amount anyone took home"
Smaug's hide,1,nobody,"left to the lake; the town rebuilt over it"
gold (remaining),a mountain's worth,Dáin,"disputed by everyone; settled by war"
