asset,taken,by,returned,notes,date_seized,ordered_by
flour,3 sacks,Sharkey's men,yes,"the mill kept the biggest share",3019-09-24,Sharkey
pipe-weed,40 barrels,Sharkey's men,yes,"tobacco was the chief export",3019-09-25,Sharkey
silver spoons,12,Lobelia,mostly,"she was sorry at the end; keep the deed",3019-09-28,self
the Party Tree,1,Sharkey's men,no,"mourned; a mallorn planted instead",3019-10-05,Sharkey
the Mill (old),1,Sharkey,no,"replaced by the new Mill; then the new Mill was gone too",3019-09-30,Sharkey
homes,dozens,Sharkey's men,yes,"hobbit-holes boarded up; doors un-boarded",3019-10-01,Sharkey
dignity,uncounted,various,yes,"hardest asset to audit; recovered slowly",3019-09-22,various
the Party Field fence,1,Sharkey's men,yes,"posts used for the new mill yard; returned as firewood",3019-10-08,Sharkey
Mayor's chair,1,Sharkey's men,yes,"sat in by the Chief at the 'rule postings'; returned to the Hall",3019-10-02,Sharkey
waggons,7,Sharkey's men,no,"burned by the ruffians on the way out; the Shire billed nobody",3019-11-03,Sharkey
the old millstone,1,Sharkey's men,yes,"found in the Water; put back where it belonged",3019-11-06,restoration committee
