date,event,goblins,prisoners,ponies,notes
2941-summer-night-1,Front Porch trapdoor opens,"~1000",14,17,"thirteen dwarves, one burglar, ponies and packs"
2941-summer-night-1,audience with the Great Goblin,"~1000",14,0,"ponies reclassified as food"
2941-summer-night-1,lights out,"~1000",14,0,"a wizard is present; not on the list"
2941-summer-night-1,Great Goblin slain,"~999",14,0,"Glamdring; succession unclear"
2941-summer-night-1,back door,"~990",13,0,"one prisoner dropped in the dark (Dori's fault)"
2941-summer-night-1,back door (later),"~990",0,0,"the dropped one also got out; nobody saw how"
2941-summer-night-2,pursuit with Wargs,"~800",0,0,"prisoners up trees; trees set alight"
2941-summer-night-2,Eagles,"~800",0,0,"prisoners airlifted. no forwarding address"
2941-autumn,Battle of Five Armies,"~200",0,0,"Bolg lost with most of the staff"
