date,stall,item,qty,unit_price_silver,buyer,notes
2944-06-01,Girion's Row 3,wooden soldier,40,2,Lake-town traders,first market day since the dragon
2944-06-01,Girion's Row 3,spinning top,60,1,Lake-town traders,
2945-04-12,Bell Street 7,clockwork bird,12,9,Erebor (Balin's order),"sings two notes, both flat"
2952-09-30,Bell Street 7,clockwork bird,20,8,Mirkwood (Thranduil's hall),price down; elves bargained
2980-11-02,Bridge Market 1,toy drum,30,3,Erebor,drummers complain of competition
3001-08-20,Bridge Market 1,mechanical dragon,1,40,Bag End (B. Baggins),"for the party; roars, does not burn"
3001-08-20,Bridge Market 1,self-playing flute,8,11,Bag End (B. Baggins),party favours
3001-08-20,Bridge Market 1,box of fireworks,0,0,Bag End (B. Baggins),"declined; supplier was a wizard"
3001-09-22,Bag End (delivered),assorted toys,144,0,Hobbiton children,gifts; several bore the mark of Dale
3018-12-01,Girion's Row 3,wooden soldier,40,2,Esgaroth,
3019-03-10,Girion's Row 3,wooden soldier,0,0,none,market closed: Easterlings on the Carnen
3019-03-17,Bell Street 7,all stock,0,0,none,street burned in the battle
3019-04-15,Bridge Market 1,toy drum,6,3,Erebor,market reopened under Bard II
3019-04-15,Bridge Market 1,clockwork bird,1,12,Erebor (Thorin III),"in memory of King Dáin"
