date,variety,origin,ounces,price_pennies,buyer
2968-03-02,Longbottom Leaf,Southfarthing,4,12,B. Baggins
2968-03-09,Old Toby,Longbottom,2,9,B. Baggins
2968-03-16,Southern Star,Southfarthing,3,10,G. (grey hat)
2968-03-23,Longbottom Leaf,Southfarthing,6,18,B. Baggins
2968-04-01,Old Toby,Longbottom,1,5,F. Baggins
2968-04-08,Longbottom Leaf,Southfarthing,8,24,G. (grey hat)
2968-04-15,Southlinch,Bree,2,6,B. Baggins
2968-04-22,Longbottom Leaf,Southfarthing,4,12,S. Gamgee (for the Gaffer)
2968-05-01,Old Toby,Longbottom,3,14,B. Baggins
2968-05-08,Longbottom Leaf,Southfarthing,12,33,G. (grey hat; "for a long journey")
