flet,tree_height_m,bark,leaf_color,residents,notes,recorded_by
Cerin Amroth,62,silver,gold,0,"elanor and niphredil at the foot",Celeborn
Caras Galadhon east,71,silver,gold,14,,Haldir
Caras Galadhon west,68,silver,gold,11,,Haldir
Caras Galadhon high flet,80,silver,gold,2,"the Lord and Lady",Haldir
Nimrodel guard post,55,silver,gold,3,"Haldir, Rúmil, Orophin",Rúmil
the fellowship's flet,47,silver,gold,9,"hobbits nervous about the height",Haldir
the great mallorn of the lawn,92,silver,gold,0,"tallest in the wood; the Lady walks beneath it",Celeborn
the glade by the Mirror,58,silver,gold,0,"the Mirror stands in the open below",Galadriel
the silverlode bank,49,silver,gold,0,"the boats are moored here",Celeborn
the Shire mallorn,18,silver,gold,0,"the one that came of Sam's box of earth; see 02_the-shire/fourth-age.md",Samwise Gamgee
