ent,also_called,kind,day,began_speaking,finished_speaking,vote,remarks
Fangorn,Treebeard,eldest; rowan-lover,1,F.A. 121-03-01 06:00,F.A. 121-03-03 19:40,treebeard,"proposer; spoke for two days on why the old name was short; closed day 12 with ""We have decided."""
Bregalad,Quickbeam,rowan-herd,1,F.A. 121-03-01 06:02,F.A. 121-03-01 06:02,treebeard,"voted before the question was put; asked to vote again on day 10, for the pleasure of it; same answer"
Finglas,Leaflock,sleepy; treeish,9,F.A. 121-03-09 dawn,F.A. 121-03-11 dusk,treebeard,"a single rustle, taken as yes; he has not otherwise moved since the Third Age began"
Fladrif,Skinbark,birch-herd; hill-dweller,6,F.A. 121-03-06 11:00,F.A. 121-03-07 16:30,treebeard,"came down from the high slopes for it; limps still from orc-wounds; stayed to the end"
Lindlaure,Summerlong,beech-herd,2,F.A. 121-03-02 09:00,F.A. 121-03-04 12:00,treebeard,"asked that ""browser"" be struck from the record as a slur upon beeches"
Carnimir,Rowanred,rowan-herd,3,F.A. 121-03-03 07:15,F.A. 121-03-05 18:00,treebeard,"seconded Bregalad; took two days to do it; Bregalad did not mind"
Galathorn,Greenthorn,holly-herd,4,F.A. 121-03-04 13:00,F.A. 121-03-06 09:10,abstain,"will not vote on a name that has not been sung first"
Doronbrun,Brownoak,oak-herd,5,F.A. 121-03-05 06:00,,pending,"still speaking; the oaks will answer when the oaks answer"
Mornadu,Darkshade,fir-herd,7,F.A. 121-03-07 08:00,F.A. 121-03-08 20:20,tree-browser,"against change on principle; asked that his vote be kept so there would be one"
Tathardol,Willowhead,willow-herd,8,F.A. 121-03-08 10:00,F.A. 121-03-10 03:00,treebeard,"long speech on the Old Forest; not all of it on topic"
Gwathlaeg,Ashgrey,ash-herd,10,F.A. 121-03-10 06:30,F.A. 121-03-10 20:00,treebeard,"would accept any name longer than three letters"
Beechbone,,beech-herd,1,,,,"not present; fell at Isengard 3019-03-03, burned by the wizard's fire. The Entmoot stood silent for him the whole of day 1. No vote is cast in his name"
(a Huorn),,Huorn,11,,,not counted,"a Huorn; not entitled to vote; was found standing in the tally-glade in the morning; nobody saw it arrive"
