asset,status,location,smeagol_opinion,gollum_opinion
the Precious,LOST,River Anduin,"ours","OURS"
the Precious,FOUND,Bilbo's pocket,"not fair","THIEF"
the Precious,PROMISED,Cirith Ungol,"yes yes","lies"
the Precious,TAKEN,Cracks of Doom,"no no no","MINE"
fish,all eaten,dead marshes,"nice fish","raw and wriggling"
taters (boiled),0,emyn muil,"no","stupid fat hobbit"
friends,0,everywhere,"we has no friends","we has no friends"
the Precious,INTERROGATED,Barad-dûr,"Shire. Baggins. (3017, under questioning)","IT SAYS NOTHING. THE EYE SQUEEZES."
ledger,CLOSED,all of it,"the Precious tallies: found 1 (2463), lost 2 (2941, 3019-03-25), destroyed 1 (3019-03-25)","balance owed: 0; balance held: 0 (and it is finished)"
