orc,squad,shift,post,status
Gorbag,Minas Morgul,night,Cirith Ungol,"fighting Shagrat"
Shagrat,Cirith Ungol,night,the tower,"fighting Gorbag"
Grishnákh,Barad-dûr,day,"on loan to Isengard","missing"
Uglúk,Isengard,day,Rohan,"missing (ents?)"
Snaga,Cirith Ungol,night,the stairs,"afraid of the 'elf warrior' (a hobbit)"
Mauhúr,Isengard,night,"Uglúk's rearguard","missing (Riders of Rohan)"
Lugdush,Isengard,night,Isen ford,"missing (Éomer's éored)"
Gothmog,Minas Morgul,day,Pelennor fields,"missing (the charge)"
Gorbag's second,Minas Morgul,night,Cirith Ungol,"missing (internal dispute)"
nameless,Mordor,all,Mordor,"marching; do not mark absent"
the Mouth of Sauron,Barad-dûr,all,black gate,"herald; no mouth; speaks for the Eye (his teeth are, allegedly, filed)"
Khamûl's retainer,the East,day,"the Nazgûl's shadow","never seen; only heard, screeching"
the Watcher's keeper,Moria,night,west gate,"on secondment; pool too big (see complaints-to-sauron.txt)"
Bolg's cousin,Minas Morgul,night,the gate,"claims relation to Bolg; unverified (disputed)"
captain of the gate-troll,Morannon,all,black gate,"one troll, one cloak, one gate"
tunnel quartermaster,Cirith Ungol,night,the tunnel,"distributes torches; torches always 'already gone' (see Khamûl)"
